{
  "name": "automata",
  "version": "1.0.0",
  "description": "A minimal Electron application",
  "main": "main.js",
  "scripts": {
    "start": "electron-forge start",
    "package": "electron-forge package",
    "make": "electron-forge make"
  },
  "repository": "https://github.com/vastjs/automata",
  "keywords": [
    "Electron",
    "quick",
    "start",
    "tutorial",
    "demo"
  ],
  "author": "VastJS",
  "license": "CC0-1.0",
  "devDependencies": {
    "@electron-forge/cli": "^6.0.0-beta.65",
    "@electron-forge/maker-deb": "^6.0.0-beta.65",
    "@electron-forge/maker-rpm": "^6.0.0-beta.65",
    "@electron-forge/maker-squirrel": "^6.0.0-beta.65",
    "@electron-forge/maker-zip": "^6.0.0-beta.65",
    "electron": "^20.1.0"
  },
  "dependencies": {
    "@octokit/core": "^4.0.5",
    "electron-squirrel-startup": "^1.0.0",
    "fix-path": "^3.0.0",
    "fs-extra": "^10.1.0"
  },
  "config": {
    "forge": {
      "packagerConfig": {},
      "makers": [
        {
          "name": "@electron-forge/maker-squirrel",
          "config": {
            "name": "automata"
          }
        },
        {
          "name": "@electron-forge/maker-zip",
          "platforms": [
            "darwin"
          ]
        },
        {
          "name": "@electron-forge/maker-deb",
          "config": {}
        },
        {
          "name": "@electron-forge/maker-rpm",
          "config": {}
        }
      ]
    }
  }
}
